,acc,fms,roc
0,0.7103030303030303,0.7408803021573522,0.7813399804660098
