,acc,fms,roc
0,0.6904013104013105,0.7122496652165988,0.751592397932203
