,acc,fms,roc
0,0.5544144144144145,0.4395049629716004,0.680262710583969
