,acc,fms,roc
0,0.442031122031122,0.0064516129032258064,0.3958840119866032
