,acc,fms,roc
0,0.7863636363636364,0.7301398601398601,0.8700000000000001
