,acc,fms,roc
0,0.7863636363636364,0.7311222111222111,0.882
