,acc,fms,roc
0,0.8300000000000001,0.7128467352345333,0.8717121489621489
