,acc,fms,roc
0,0.37333333333333335,0.5183231574249435,0.7028389804639804
