,acc,fms,roc
0,0.4438329238329238,0.012698412698412698,0.6041442952114743
