,acc,fms,roc
0,0.5923505323505324,0.7293792800804477,0.7733691321584159
