,acc,fms,roc
0,0.6957575757575757,0.7696638071763019,0.7873850849170974
