,acc,fms,roc
0,0.7863636363636364,0.72993783993784,0.8366666666666667
