,acc,fms,roc
0,0.7212121212121212,0.7535052870387876,0.7911947526234185
