,acc,fms,roc
0,0.8154545454545454,0.7882828282828283,0.8806666666666667
