,acc,fms,roc
0,0.442031122031122,0.006349206349206349,0.6158618788604813
