,acc,fms,roc
0,0.8466666666666667,0.741208173845745,0.8525955433455434
