,acc,fms,roc
0,0.4456511056511056,0.019047619047619046,0.6214913464063574
