,acc,fms,roc
0,0.7509090909090909,0.7648285048285047,0.8593333333333334
