,acc,fms,roc
0,0.75,0.7000000000000001,0.8315972222222222
