,acc,fms,roc
0,0.6875,0.6341463414634146,0.8211805555555556
