,acc,fms,roc
0,0.8566666666666667,0.7455360543432562,0.8508339438339437
