,acc,fms,roc
0,0.8066666666666666,0.6857570672160337,0.8647933455433456
