,acc,fms,roc
0,0.7708333333333334,0.7179487179487181,0.8229166666666667
