,acc,fms,roc
0,0.7418181818181819,0.7623926073926074,0.8560000000000001
