,acc,fms,roc
0,0.47333333333333333,0.51533473270021,0.5805598290598291
