,acc,fms,roc
0,0.7291666666666666,0.723404255319149,0.8350694444444443
