,acc,fms,roc
0,0.3966666666666666,0.5087521545479273,0.6767130647130646
