,acc,fms,roc
0,0.5688288288288288,0.7213033495732033,0.7674500273403915
