,acc,fms,roc
0,0.7157411957411958,0.7483802568904012,0.7873284255531934
