,acc,fms,roc
0,0.3633333333333333,0.5142168142168142,0.7204181929181929
