,acc,fms,roc
0,0.3733333333333333,0.507810046911833,0.6837603785103784
