,acc,fms,roc
0,0.7211957411957413,0.7526902048996004,0.7890591892494703
