,acc,fms,roc
0,0.8566666666666667,0.7363856874832485,0.8507469474969476
