,acc,fms,roc
0,0.7083333333333334,0.6818181818181818,0.8333333333333334
