,acc,fms,roc
0,0.8333333333333333,0.7207957957957958,0.8699679487179488
