,acc,fms,roc
0,0.45999999999999996,0.4556568103942447,0.5179478021978022
